country_id,country_name,country_abbr,lat,long
0,Australia,AU,-25.274398,133.775136
1,Germany,DE,51.165691,10.451526
2,Denmark,DK,56.26392,9.501785
3,USA,US,37.09024,-95.712891
4,Italy,IT,41.87194,12.56738
5,Romania,RO,45.943161,24.96676
6,France,FR,46.227638,2.213749
7,Sweden,SE,60.128161,18.643501
8,Belgium,BE,50.503887,4.469936
9,Hungary,HU,47.162494,19.503304
10,Russia,RU,61.52401,105.318756
11,Mexico,MX,23.634501,-102.552784
12,Canada,CA,56.130366,-106.346771
13,Austria,AT,47.516231,14.550072
14,Norway,NO,60.472024,8.468946
15,Japan,JP,36.204824,138.252924
16,UK,GB,55.378051,-3.435973
17,Soviet Union,CCCP,61.524,105.3188
18,Chile,CL,-35.675147,-71.542969
19,India,IN,20.593684,78.96288
20,Switzerland,CH,46.818188,8.227512
21,Spain,ES,40.463667,-3.74922
22,Czechoslovakia,CZ,49.817492,15.472962
23,Isle Of Man,IM,54.236107,-4.548056
24,Brazil,BR,-14.235004,-51.92528
25,Portugal,PT,39.399872,-8.224454
26,Turkey,TR,38.963745,35.243322
27,Argentina,AR,-38.416097,-63.616672
28,Poland,PL,51.919438,19.145136
29,Netherlands,NL,52.132633,5.291266
30,Finland,FI,61.92411,25.748151
31,West Germany,DE,51.165691,10.451526
32,China,CN,35.86166,104.195397
33,Yugoslavia,SFRY,44.819,20.4573
34,Greece,GR,39.074208,21.824312
35,East Germany,DE,51.165691,10.451526
36,Egypt,EG,26.820553,30.802498
37,Albania,AL,41.153332,20.168331
38,Bulgaria,BG,42.733883,25.48583
39,Monaco,MC,43.750298,7.412841
40,New Zealand,NZ,-40.900557,174.885971
41,Israel,IL,31.046051,34.851612
42,Hong Kong,HK,22.396428,114.109497
43,Cuba,CU,21.521757,-77.781167
44,Ireland,IE,53.41291,-8.24389
45,Philippines,PH,12.879721,121.774017
46,South Korea,KR,35.907757,127.766922
47,Liechtenstein,LI,47.166,9.555373
48,Croatia,HR,45.1,15.2
49,South Africa,ZA,-30.559482,22.937506
50,Puerto Rico,PR,18.220833,-66.590149
51,Malta,MT,35.937496,14.375416
52,Algeria,DZ,28.033886,1.659626
53,Lebanon,LB,33.854721,35.862285
54,Sri Lanka,LK,7.873054,80.771797
55,Afghanistan,AF,33.93911,67.709953
56,Morocco,MA,31.791702,-7.09262
57,Kyrgyzstan,KG,41.20438,74.766098
58,Singapore,SG,1.352083,103.819836
59,Taiwan,TW,23.69781,120.960515
60,Senegal,SN,14.497401,-14.452362
61,Bolivia,BO,-16.290154,-63.588653
62,Bermuda,BM,32.321384,-64.75737
63,Ukraine,UA,48.379433,31.16558
64,Mauritania,MR,21.00789,-10.940835
65,Thailand,TH,15.870032,100.992541
66,Iceland,IS,64.963051,-19.020835
67,Iran,IR,32.427908,53.688046
68,Luxembourg,LU,49.815273,6.129583
69,Georgia,GE,42.315407,43.356892
70,Venezuela,VE,6.42375,-66.58973
71,Peru,PE,-9.189967,-75.015152
72,Panama,PA,8.537981,-80.782127
73,Tunisia,TN,33.886917,9.537499
74,Haiti,HT,18.971187,-72.285215
75,Cameroon,CM,7.369722,12.354722
76,Syria,SY,34.802075,38.996815
77,Angola,AO,-11.202692,17.873887
78,Jamaica,JM,18.109581,-77.297508
79,Ecuador,EC,-1.831239,-78.183406
80,Andorra,AD,42.546245,1.601554
81,Colombia,CO,4.570868,-74.297333
82,Bangladesh,BD,23.684994,90.356331
83,Ethiopia,ET,9.145,40.489673
84,Indonesia,ID,-0.789275,113.921327
85,Libya,LY,26.3351,17.228331
86,Kuwait,KW,29.31166,47.481766
87,Saudi Arabia,SA,23.885942,45.079162
88,CÃ´te d'Ivoire,CI,7.539989,-5.54708
89,Suriname,SR,3.919305,-56.027783
90,Mali,ML,17.570692,-3.996166
91,Vietnam,VN,14.058324,108.277199
92,Cyprus,CY,35.126413,33.429859
93,Botswana,BW,-22.328474,24.684866
94,Nigeria,NG,9.081999,8.675277
95,Kenya,KE,-0.023559,37.906193
96,Nicaragua,NI,12.865416,-85.207229
97,Costa Rica,CR,9.748917,-83.753428
98,Zambia,ZM,-13.133897,27.849332
99,Burkina Faso,BF,12.238333,-1.561593
100,Bahamas,BS,25.03428,-77.39628
101,Iraq,IQ,33.223191,43.679291
102,Aruba,AW,12.52111,-69.968338
103,Martinique,MQ,14.641528,-61.024174
104,Mongolia,MN,46.862496,103.846656
105,North Korea,KP,40.339852,127.510093
106,Netherlands Antilles,AN,12.226079,-69.060087
107,Gibraltar,GI,36.137741,-5.345374
108,Palestine,PS,31.952162,35.233154
109,Zaire,ZR,-4.0383,21.7587
110,Ghana,GH,7.946527,-1.023194
111,Zimbabwe,ZW,-19.015438,29.154857
112,Namibia,NA,-22.95764,18.49041
113,Uzbekistan,UZ,41.377491,64.585262
114,Lithuania,LT,55.169438,23.881275
115,Armenia,AM,40.069099,45.038189
116,Latvia,LV,56.879635,24.603189
117,Federal Republic of Yugoslavia,SFRY,42.7833,19.4667
118,Slovenia,SI,46.151241,14.995463
119,Kazakhstan,KZ,48.019573,66.923684
120,Uruguay,UY,-32.522779,-55.765835
121,Slovakia,SK,48.669026,19.699024
122,Estonia,EE,58.595272,25.013607
123,Guinea-Bissau,GW,11.803749,-15.180413
124,Czech Republic,CZ,49.817492,15.472962
125,Tajikistan,TJ,38.861034,71.276093
126,Belarus,BY,53.709807,27.953389
127,Cambodia,KH,12.565679,104.990963
128,Guinea,GN,9.945587,-9.696645
129,Republic of Macedonia,MK,41.608635,21.745275
130,Guatemala,GT,15.783471,-90.230759
131,Dominican Republic,DO,18.735693,-70.162651
132,Bosnia and Herzegovina,BA,43.915886,17.679076
133,Cape Verde,CV,16.002082,-24.013197
134,Svalbard And Jan Mayen,SJ,77.553604,23.670272
135,Niger,NE,17.607789,8.081666
136,Greenland,GL,71.706936,-42.604303
137,The Democratic Republic Of Congo,CG,-0.228021,15.827659
138,Pakistan,PK,30.375321,69.345116
139,Paraguay,PY,-23.442503,-58.443832
140,Bhutan,BT,27.514162,90.433601
141,Faroe Islands,FO,61.892635,-6.911806
142,Nepal,NP,28.394857,84.124008
143,Mozambique,MZ,-18.665695,35.529562
144,Serbia,RS,44.016521,21.005859
145,United Arab Emirates,AE,23.424076,53.847818
146,Malaysia,MY,4.210484,101.975766
147,Trinidad and Tobago,TT,10.691803,-61.222503
148,Moldova,MD,47.411631,28.369885
149,Jordan,JO,30.585164,36.238414
150,Chad,TD,15.454166,18.732207
151,North Vietnam,NVN,21.0333,105.85
152,Bahrain,BH,25.930414,50.637772
153,Serbia and Montenegro,FRY,44.8166634,20.4666648
154,Fiji,FJ,-16.578193,179.414413
155,Cayman Islands,KY,19.513469,-80.566956
156,Kosovo,XK,42.602636,20.902977
157,Macao,MO,22.198745,113.543873
158,Yemen,YE,15.552727,48.516388
159,Qatar,QA,25.354826,51.183884
160,British Virgin Islands,VG,18.420695,-64.639968
161,Rwanda,RW,-1.940278,29.873888
162,Liberia,LR,6.428055,-9.429499
163,Azerbaijan,AZ,40.143105,47.576927
164,New Caledonia,NC,-20.904305,165.618042
165,Papua New Guinea,PG,-6.314993,143.95555
166,Honduras,HN,15.199999,-86.241905
167,Reunion,RE,-21.115141,55.536384
168,Uganda,UG,1.373333,32.290275
169,Samoa,WS,-13.759029,-172.104629
170,Lesotho,LS,-29.609988,28.233608
171,Korea,KOR,38.1238045,127.6385075
172,Swaziland,SZ,-26.522503,31.465866
173,Montenegro,ME,42.708678,19.37439
174,Laos,LA,19.85627,102.495496
175,Sudan,SD,12.862807,30.217636
176,Tanzania,TZ,-6.369028,34.888822
177,Brunei,BN,4.535277,114.727669
178,Burma,MM,21.913965,95.956223
179,Myanmar,MM,21.913965,95.956223
180,Somalia,SO,5.152149,46.199616
181,El Salvador,SV,13.794185,-88.89653
182,Vanuatu,VU,-15.376706,166.959158
183,Belize,BZ,17.189877,-88.49765
184,Maldives,MV,3.202778,73.22068
185,Djibouti,DJ,11.825138,42.590275
186,Guadeloupe,GP,16.995971,-62.067641
187,Malawi,MW,-13.254308,34.301525
188,Holy See (Vatican City State),VA,41.902916,12.453389
189,Oman,OM,21.512583,55.923255
190,,,,
